nome,responsavel_familia,cod_mun_residencia
Leonardo Moreira,Sr. Yuri Lopes,1183810
Dr. Renan Teixeira,Dr. Enzo Gabriel Gonçalves,1114592
Ana Barbosa,Matheus Pinto,1103278
Valentina Barbosa,Leonardo Moreira,1197196
Dra. Ana Freitas,Breno da Rosa,1136048
Vicente Costa,Yasmin Pires,1132098
Ana Carvalho,Evelyn Fogaça,1129256
Maria Vitória Costa,Eduardo Caldeira,1118289
Lavínia Vieira,Bryan Moreira,1196530
Theo Cardoso,Enzo Gabriel Silveira,1113434
Bryan Pereira,Enzo Farias,1188696
Gustavo Henrique Cardoso,Olivia Castro,1197080
Isabel Campos,Agatha Santos,1171482
Maria Luiza da Conceição,João Lucas da Paz,1111395
Felipe das Neves,Juan da Mota,1177397
Nathan Moraes,Vicente Monteiro,1155302
Leandro Nunes,Maria Luiza Castro,1104165
Milena da Paz,Francisco Cardoso,1103905
Sr. Heitor Alves,Maria Luiza Souza,1112280
Brenda Duarte,Laís Almeida,1128657
Srta. Caroline da Rosa,Dra. Marina Pereira,1130495
Vicente Barbosa,Alexia Barros,1166237
Vitória da Cunha,Sr. Caio da Cunha,1178907
Lucas Gabriel Nascimento,Sra. Isis Rocha,1103478
Gabrielly Costa,Rodrigo Cavalcanti,1173563
Srta. Agatha Aragão,Dra. Maria Luiza Monteiro,1126062
Lorena Barbosa,Kevin Fernandes,1193850
Fernanda Pereira,Ryan Nascimento,1185181
Srta. Maria Luiza Rocha,Isabella Dias,1191924
Lorenzo Santos,Isabel Martins,1171426
Dr. João Lucas da Costa,Erick Sales,1154987
Leonardo Pires,Nina da Cunha,1128893
Caio Oliveira,João Felipe Moraes,1158878
Erick Sales,Srta. Kamilly Pires,1177236
João Gabriel Monteiro,Cecília Fogaça,1136463
Felipe da Mota,Luiz Miguel Alves,1100851
Nathan Ferreira,Manuela Moura,1199458
Leonardo Vieira,Gustavo Henrique Campos,1120926
Ana Júlia Vieira,Sr. Raul Duarte,1191506
Dr. Pietro Cardoso,Henrique Souza,1155392
Henrique Novaes,Mariana Pires,1144597
Vitor Gabriel Duarte,Pedro Miguel Moura,1136421
Milena Moraes,Joaquim Moraes,1120379
Pedro Miguel das Neves,Augusto Alves,1128221
Srta. Evelyn Pereira,Sabrina Farias,1144118
Laura Pires,Thomas Nascimento,1113396
Leandro da Cruz,Sr. Yuri das Neves,1112156
Dr. Miguel Azevedo,Pietra das Neves,1149797
Eloah Vieira,Srta. Mirella Teixeira,1112676
Letícia Fogaça,Nicolas Caldeira,1147052
André da Rosa,Dr. Davi Luiz Moura,1145082
Srta. Alícia Peixoto,Augusto Rezende,1179131
Heloísa Correia,Luiz Henrique Nunes,1134671
Sabrina Farias,Dra. Ana Beatriz Nascimento,1105695
Raul Nunes,Dra. Luana Moraes,1195647
Dr. Luiz Fernando da Costa,Eduarda da Costa,1160217
Natália Nascimento,João Guilherme Moreira,1170284
Nicolas Caldeira,Sra. Catarina Pires,1116361
Bruno Duarte,Leandro da Conceição,1149615
João Miguel Freitas,Sra. Emilly Vieira,1110328
Maria Duarte,Danilo Ribeiro,1172357
Miguel Lopes,Melissa Jesus,1138427
Bryan Dias,Laís Pereira,1182397
Laura Dias,Sr. Juan Costa,1181070
Clarice Almeida,Vitor Hugo Barbosa,1147400
Isis Lopes,Joaquim da Luz,1175674
Fernanda Duarte,Maitê Castro,1125203
João Pedro Cardoso,Pedro Miguel Pinto,1192349
Dr. Yuri Souza,Thomas Cardoso,1109116
Pedro Miguel Alves,Miguel Araújo,1106006
Júlia da Mata,Helena Carvalho,1186673
Pedro Pereira,Francisco da Rosa,1129871
Maria Cecília Gonçalves,Cauê Rodrigues,1137930
Ryan Pires,Luiza Peixoto,1110458
Srta. Milena Vieira,Lucca Moura,1130512
Levi Cavalcanti,Vitor Novaes,1113238
Melissa Ramos,Paulo Cunha,1149823
Sr. João Lucas Lopes,Clarice Ferreira,1136434
Lucas Gabriel Farias,Marina Nunes,1159429
Elisa da Conceição,Diogo Souza,1183320
Davi Lucca Pires,Yago Cavalcanti,1147819
Sra. Emilly Souza,Letícia Vieira,1121319
Igor da Cunha,Dr. Luiz Henrique Ramos,1148520
Vitor Gabriel das Neves,Sr. Augusto da Rocha,1146566
Vinicius Viana,Nina Ramos,1127460
Cauã da Mota,Evelyn Viana,1187841
Sra. Gabrielly Moreira,Alice Nunes,1134993
Srta. Júlia da Costa,Marcelo Ribeiro,1191988
Letícia Vieira,Sr. Pedro Miguel Carvalho,1189593
Natália Moraes,Vitor Gabriel Costa,1184939
Vitor Farias,Sr. Yago Carvalho,1109358
Gustavo Henrique da Rocha,Lorena da Costa,1179840
Luiz Felipe Correia,Julia Almeida,1183227
Murilo Peixoto,João Oliveira,1122431
Eloah da Mata,Cauê Duarte,1170010
Ian Pereira,Beatriz Lopes,1195568
Amanda Pinto,Maria Eduarda da Rocha,1132087
Dr. Juan Rezende,Ian Moura,1121417
Danilo Araújo,Raul da Luz,1160589
Ana Sophia Viana,Isis Novaes,1149735
Ana Sophia Araújo,Luna Vieira,1135382
Lucas Gabriel Fernandes,João Pedro Fogaça,1183886
Samuel Pereira,Beatriz Peixoto,1190198
Lorenzo Vieira,Melissa Gomes,1173000
Emilly Almeida,João Lucas Aragão,1128785
Ana da Mota,Agatha Campos,1189733
Sofia Gomes,Mariana Souza,1142504
Maitê Duarte,Larissa da Cruz,1107331
Gustavo da Paz,Rebeca Lopes,1130021
Srta. Larissa Porto,Dra. Camila Costela,1104207
Sra. Yasmin Ribeiro,Ana Clara Santos,1141347
Juan Moreira,Elisa da Cruz,1152581
Dr. Breno Nogueira,Calebe Rodrigues,1135093
Sr. Levi Rezende,Rafaela da Conceição,1108675
Laura Barros,Melissa Carvalho,1127653
Dr. Danilo Farias,Sophie da Cruz,1174341
Rebeca Lopes,Sophia Santos,1194098
Vinicius Ribeiro,Emanuel da Cunha,1141245
João Guilherme Castro,Sra. Elisa Novaes,1127869
Luiz Felipe Pinto,Sophie Fogaça,1185909
Sophia Rodrigues,Caroline Souza,1165435
Maria Vitória Barbosa,Maitê Correia,1151856
Henrique Fernandes,Emanuelly Martins,1184259
João Pedro Rocha,Mirella Cunha,1160142
Vitor Hugo Rodrigues,Murilo da Rosa,1118726
Gabriel Sales,Davi Lucas Cunha,1134718
Srta. Vitória Oliveira,Sr. Nathan Ferreira,1118301
Lorenzo Cunha,Valentina Ribeiro,1132325
Dr. Pietro Fernandes,Alexandre Oliveira,1197647
Rodrigo Correia,Dr. Paulo Ferreira,1173579
Maria Alice Araújo,Sr. Luiz Felipe Aragão,1170644
Ana Sophia Gomes,Maysa Lopes,1134438
Pietro Sales,Sofia Melo,1197912
Davi Lucas Dias,Stephany Nascimento,1176622
Olivia da Costa,Isadora da Costa,1156155
Ana Vitória Oliveira,Sra. Maria Clara Silva,1176484
Maria Clara Aragão,Melissa Nascimento,1152350
Nicolas da Rosa,Bianca Barros,1147447
Maria Sophia Cavalcanti,Murilo Fogaça,1128746
Melissa da Cunha,Sr. Fernando Cavalcanti,1118131
Alexia Correia,Guilherme Cardoso,1166784
Maria Vitória Barros,Pedro das Neves,1164686
Murilo Correia,Cauê Barbosa,1111915
Dr. Raul Cavalcanti,Isaac Rezende,1199061
Mirella Fogaça,Enrico Porto,1106175
Sr. Bryan Nascimento,Valentina da Cruz,1114371
Diego Fogaça,Maria Cecília Azevedo,1120033
Sr. João Felipe Duarte,Dra. Maria Alves,1182240
Vitor Hugo Vieira,Ryan Rodrigues,1120969
Benjamin Gomes,Sra. Isabelly Porto,1189192
Rafael da Mota,Maria Cecília da Paz,1155333
Ana Carolina Oliveira,Thomas Aragão,1178172
Marcela da Cruz,Bryan Melo,1108326
Clara Farias,Dra. Natália Aragão,1150432
Nina Cavalcanti,Pedro Henrique Moreira,1150019
Sra. Vitória Nascimento,Bruno da Cruz,1178104
Francisco Cunha,Elisa da Luz,1161348
Daniela Ribeiro,Daniela Rocha,1169352
Clarice Fogaça,Dra. Julia Azevedo,1132953
Laís Moura,Natália Sales,1172512
Ana Carolina Souza,Luigi Castro,1101504
Laís da Costa,Ana Júlia Pinto,1189166
Rafael Pinto,Vitor Hugo Pires,1194466
João Gabriel Jesus,Marcos Vinicius Gomes,1115014
Dr. Marcelo Cardoso,Dra. Melissa Pinto,1189353
Sra. Esther Nunes,Dra. Rebeca das Neves,1170381
Laura Cardoso,Enrico Silva,1198419
Vinicius Mendes,Rafaela da Mota,1134973
Srta. Letícia Costela,Dr. João Lucas Caldeira,1184012
Pietro Moreira,Maria Cecília Rodrigues,1144587
Yago Ferreira,Kevin Costela,1114621
Nicole Nogueira,Caio Ribeiro,1138469
Davi Lucas Vieira,Marcos Vinicius da Conceição,1156985
Sr. Luiz Felipe Martins,Luiz Otávio Pereira,1120730
Yago Dias,Alice Rocha,1159470
Dra. Elisa Silveira,Luiz Felipe Almeida,1100425
Sr. Guilherme da Mota,Henrique Monteiro,1194646
Rebeca da Paz,Dr. Lucas Gabriel Viana,1194329
Dr. Luiz Gustavo Novaes,Nina Dias,1134522
Marcos Vinicius Santos,Breno Moura,1165612
Raquel da Paz,Dr. Luigi Barbosa,1199871
Sr. Pedro Miguel Ferreira,Sr. Kevin Carvalho,1123416
Alícia Ramos,Laís Fogaça,1166542
Joaquim Aragão,Mariane Barros,1113947
Cauê da Rocha,Rafael Gomes,1181959
Noah Azevedo,Davi Luiz da Mata,1139117
Dr. Guilherme Novaes,Levi Lima,1183748
Sr. Kaique Barros,Pedro Lucas da Conceição,1166540
João Vitor Barbosa,Raquel Cardoso,1179818
Caroline Castro,Sra. Ana Lívia Peixoto,1126071
Leandro Cavalcanti,Alana Campos,1120032
Gabriel Gomes,Anthony Campos,1149009
Dra. Luana Souza,Fernanda Fernandes,1199943
Dra. Lavínia Lopes,Juan Nogueira,1121174
Dr. Enzo das Neves,Pedro da Cruz,1170697
Bianca Campos,Maria Julia da Costa,1169514
Dr. Yuri da Rocha,Vitor Gabriel da Cruz,1100074
Thomas Rodrigues,Kaique Viana,1178504
Lucas Silveira,Isabel Costela,1142487
Dr. Nathan Nascimento,João Pedro Martins,1164042
Leandro Moreira,Dr. Samuel Martins,1102552
Dr. Davi da Paz,Vicente Duarte,1114662
Letícia Rocha,Dra. Camila Santos,1147576
Luiz Gustavo Porto,Thiago Fogaça,1140306
Amanda Araújo,Letícia Porto,1131385
Maria Cecília da Mata,Luiz Felipe Nogueira,1107592
Ana Carolina Almeida,Anthony Almeida,1131571
Samuel Duarte,Lucas da Costa,1174364
Mariana Nascimento,Igor Gonçalves,1110322
Dr. Matheus Moreira,Dra. Melissa Nogueira,1111226
Lucas Gabriel Cardoso,Lorenzo Correia,1195932
Marina Viana,Sr. Eduardo da Rocha,1163699
Srta. Ana Júlia Sales,Pedro Lucas Silveira,1109071
Sr. Otávio Correia,Ana Vitória Vieira,1199693
Rodrigo Nascimento,Pedro Miguel Novaes,1169822
Stella Cardoso,Gabriela Moreira,1116483
Cauê Ribeiro,Sarah Rodrigues,1116828
Henrique Ribeiro,Lucca Costela,1186474
Fernando da Costa,Pedro Lucas Viana,1162296
Luiz Gustavo Correia,Ana Sophia Fogaça,1172063
Marcelo Costela,Lucas Gabriel Caldeira,1121643
Sra. Clara Gomes,Sra. Alice Silveira,1134741
Breno Freitas,Clara Correia,1169163
Luna Cunha,Dr. Davi Lucca Ferreira,1179507
João Pedro Ferreira,Rodrigo Nascimento,1155461
Maria Eduarda Costa,Lívia Lima,1127760
Miguel Duarte,Alana da Paz,1170686
Stella Vieira,Kamilly Moura,1198994
Vitória Melo,Dra. Maria Vitória Souza,1195673
Vinicius Vieira,Otávio Lopes,1190422
Levi Teixeira,Antônio Nunes,1126365
Srta. Isabel Lima,Marcos Vinicius Ferreira,1193447
Sra. Maria Fernandes,Mariane Farias,1140857
Stella Oliveira,João Aragão,1152296
Srta. Alexia Ferreira,Dr. Gabriel Dias,1188039
Felipe Costa,Ana Julia Carvalho,1185180
Lara Campos,Mirella Silva,1148944
Lívia das Neves,Joana Pereira,1157422
Mariana Gomes,Dra. Camila da Cunha,1167839
Luiza Fernandes,Augusto Costela,1159177
Maria Alice Fogaça,Lara Nunes,1115860
João Guilherme Barbosa,Caio Rezende,1132493
Rafael Cardoso,Luana Nogueira,1129451
Igor da Paz,Benício Fernandes,1108392
Igor das Neves,Sabrina da Mata,1144313
Dr. Pedro Miguel Pereira,Milena Pinto,1102757
Levi Rocha,Stella Vieira,1177110
Bryan Novaes,Igor Farias,1172603
Rafael Mendes,Laís Santos,1130161
Dra. Melissa Cardoso,Yasmin Pereira,1177128
Isabelly Campos,Stephany Costela,1128864
Sr. Rodrigo Farias,Nicole Costa,1100942
Sofia Pires,Olivia Rocha,1109305
Yuri Melo,Leonardo da Rosa,1192778
Ana Júlia Porto,Gabrielly Cunha,1182719
Kamilly Teixeira,João Gabriel das Neves,1107716
Miguel da Mota,Lucas Gabriel Santos,1130007
Dr. Emanuel Lopes,Sr. Rodrigo Costela,1108834
Ana Vitória da Costa,Sra. Laura Costela,1104117
Ana Lívia Moraes,Ana Luiza Mendes,1143309
Alícia Caldeira,Clara Cardoso,1109287
Ana Moura,Emanuel Viana,1167391
Elisa Rezende,Dr. João Gabriel Silveira,1131195
Dr. Bernardo Melo,Vicente Silva,1136500
Beatriz Fernandes,Theo Farias,1187684
Breno Pires,Ana Beatriz Castro,1163624
Sra. Maria Alice Costa,Sophie Cardoso,1128080
Srta. Nicole Castro,Gabrielly Alves,1170678
Yago Pereira,Srta. Ana Sophia Barros,1117342
Sra. Isis Souza,Dra. Elisa Rezende,1194811
Lorenzo Carvalho,Bryan Cardoso,1174847
Gabrielly da Costa,Vicente Farias,1175525
Yuri Castro,Caio Araújo,1161953
Dr. Bruno Fernandes,João Vitor das Neves,1131850
Bruna Melo,Esther Lima,1161993
Sra. Daniela Teixeira,Pedro Miguel Mendes,1153354
Pietra Aragão,Kamilly Teixeira,1124957
Olivia Sales,Vinicius Fogaça,1112363
Miguel Cardoso,Leandro Correia,1112704
Pedro Henrique Rocha,Ian Rodrigues,1186374
Sra. Heloísa Monteiro,Pedro Pires,1156498
Emilly da Mota,Lívia Costa,1146438
Vinicius Pereira,Sr. Daniel Ferreira,1155519
Isadora Correia,Joana Azevedo,1153883
Maria Eduarda Araújo,Sr. Isaac Freitas,1161213
Isabel Melo,Bryan Jesus,1195561
Sr. Antônio da Conceição,Srta. Evelyn Porto,1107100
Gabriela Aragão,Srta. Maitê Nogueira,1188259
Srta. Alexia Mendes,João Pedro Santos,1185649
João Lucas Melo,Davi Lucas Silveira,1184696
Dr. Isaac Pires,Marina da Conceição,1112899
Daniel Silva,André Cunha,1107944
Alice Lima,Dr. Rodrigo Cunha,1152772
Davi Lucas da Cruz,Matheus Vieira,1195448
Thomas Moreira,Marcos Vinicius Pires,1144473
Rafael da Costa,Levi Cardoso,1114322
Yuri Viana,João Pedro Barros,1132591
Dr. Guilherme Peixoto,Maria Sophia Pereira,1125112
Bruno Ribeiro,Beatriz Fernandes,1124931
Lucca da Costa,Arthur Moraes,1170292
Maitê Cunha,Srta. Daniela Carvalho,1158800
Srta. Manuela da Luz,Davi Luiz Mendes,1118373
Srta. Alana da Rosa,Caio Campos,1155296
Eduardo Silva,Melissa Novaes,1124050
Lucas Cunha,Ana Laura Cavalcanti,1136509
Bernardo Azevedo,Sarah Barros,1160637
Bárbara Jesus,Maitê Silveira,1132742
Maria Clara Almeida,Diogo Fernandes,1109880
Alice Costela,Anthony Gonçalves,1158082
Sr. Lorenzo Martins,André Sales,1172132
Sophia Sales,Yasmin Barros,1112833
João Nascimento,João Guilherme das Neves,1106630
Ana Nascimento,Pedro Souza,1185477
Maria Sophia Araújo,Maitê Freitas,1170855
Bárbara Moraes,Nicole Castro,1101934
Srta. Bruna Pires,Ana Rodrigues,1112224
Erick Peixoto,Ana Carolina da Paz,1198771
Alícia Campos,Luiza Ribeiro,1130982
Alícia Costela,Yasmin Alves,1121798
Isadora Cavalcanti,Heloísa Moreira,1153269
Isadora Novaes,Paulo Fernandes,1163653
Giovanna Caldeira,Julia Costa,1163092
Miguel Farias,Kevin Duarte,1128016
Lorena Fernandes,Sr. Davi Lucas Barros,1152565
Dr. Pietro Cunha,Gabrielly Moraes,1107685
Juan da Mata,Murilo Costela,1121579
Helena Freitas,Dra. Manuela Costa,1149672
Isadora Viana,Diego Cunha,1100282
Maria Alice Carvalho,Julia da Paz,1151173
Daniela Cardoso,Sr. Luiz Felipe da Cunha,1134760
Sra. Lívia Lima,Fernando da Paz,1159638
Vitor Hugo da Cruz,Srta. Elisa da Conceição,1137388
Maria Vitória Lopes,Pietra Dias,1155444
Guilherme Peixoto,Francisco Campos,1191303
Alana Ferreira,Emilly Rodrigues,1195748
Maitê Rezende,Ana Beatriz Moraes,1172845
Heloísa da Cruz,Yuri Cavalcanti,1186752
Vitória Caldeira,André Mendes,1194163
Ana Júlia Novaes,Srta. Amanda da Cunha,1163788
Ana Sophia Campos,Laís da Conceição,1120289
Raul Fogaça,Cauê Cavalcanti,1124890
Pietra Vieira,Diego da Paz,1138890
Rafaela Pereira,Diogo Azevedo,1128534
Enzo Santos,Yasmin Gonçalves,1107665
Gabriel Porto,João Guilherme Cunha,1175914
Cauê Jesus,Larissa Rocha,1196434
Ana Beatriz Farias,Bianca da Mata,1171066
Milena Ribeiro,Dr. Henrique Freitas,1107989
Francisco Moreira,Sr. Gustavo Jesus,1198038
Srta. Olivia Rodrigues,Sr. Vitor Hugo Ribeiro,1141104
Nicole Pereira,Luiz Fernando Barros,1107492
Francisco Nascimento,Isabella Santos,1106572
Heloísa Nunes,Gabriel Caldeira,1176569
Sr. Theo Silveira,Alana Ferreira,1162493
Eduardo Barbosa,Murilo da Conceição,1165909
Dr. Davi Lucca Novaes,Dr. Noah Teixeira,1169615
Clara Caldeira,Milena da Cunha,1120635
João Mendes,Vitória Caldeira,1107455
Sr. Murilo Santos,Juan Sales,1166562
Emilly Silveira,Joaquim Oliveira,1110500
Helena Fogaça,Raquel Azevedo,1124356
Heloísa da Luz,Ana da Luz,1108981
João Pedro Farias,Gabrielly Aragão,1177992
Yago Moreira,Ana Clara Mendes,1108907
Maria Luiza Silveira,Dra. Sophie da Mata,1188501
Eloah Alves,Luana Peixoto,1130828
Felipe Ribeiro,Felipe Moraes,1152923
Laura Correia,Maria Clara Barros,1115713
Fernanda Freitas,Ana Laura Mendes,1174668
Paulo Moraes,Calebe Aragão,1132271
Alexandre Novaes,Dr. Marcos Vinicius Martins,1175880
Gabrielly Gonçalves,Gustavo Azevedo,1177924
Carlos Eduardo Nunes,Luiz Miguel da Cunha,1105209
Dr. Felipe Sales,Dr. Davi Luiz Almeida,1181183
Sra. Valentina Oliveira,Milena Carvalho,1110745
Vitória Aragão,Enzo das Neves,1154948
Vinicius Souza,Beatriz Porto,1186163
Augusto Azevedo,João Miguel Moraes,1176503
Dr. Ian Rodrigues,Sophia Ferreira,1174085
Juliana Peixoto,Luiza Correia,1168522
Guilherme Jesus,Yago Pinto,1141467
Clarice Porto,Luiz Gustavo da Rocha,1134179
João Pedro Ramos,Srta. Stella Moraes,1126772
Emanuelly Teixeira,Sr. Luiz Henrique Fernandes,1187782
Nicole Rodrigues,Vitor Dias,1193872
Theo Melo,Juliana Almeida,1141180
Dra. Marcela Pereira,Marcelo Moreira,1131285
Pedro Jesus,Maria Cecília da Luz,1134814
Anthony Pires,Fernando da Cunha,1151876
Maitê Martins,Bryan Nunes,1117154
Srta. Laura Gonçalves,Augusto Dias,1184607
Sarah Farias,Vitória Vieira,1139321
Maria Vitória das Neves,Daniel Costa,1159929
Maria Luiza Nascimento,Heloísa Silveira,1141441
Davi Lucas Jesus,Pietra Castro,1198548
Carlos Eduardo Araújo,Laura Barbosa,1109508
João Vitor Sales,Dr. Nathan Gonçalves,1101220
Sr. Pedro Lucas Melo,Maria Fernanda Aragão,1160068
Luiz Fernando Mendes,Caio da Paz,1181416
Pedro Miguel Fogaça,Kaique Castro,1173792
Emilly Peixoto,Ana Lívia Cardoso,1113104
Luigi da Rosa,Vicente Teixeira,1109602
Cecília Rodrigues,Calebe Peixoto,1170468
Isis Rocha,Maria Alice Almeida,1127938
Erick Teixeira,Evelyn da Conceição,1166307
Leonardo Pereira,Ian Viana,1117361
Sra. Rafaela Nascimento,Gustavo Henrique da Paz,1145745
Arthur Moura,Srta. Stella Araújo,1109016
Dra. Emanuelly Martins,Carlos Eduardo Nunes,1132018
Raul Jesus,Ryan Rocha,1148434
Isis Porto,Luiz Otávio das Neves,1137353
Dr. Joaquim Freitas,Dr. Calebe Cardoso,1120676
Bárbara Ferreira,Ana Clara da Rocha,1157433
Sarah Azevedo,Dr. Pedro Henrique da Luz,1171200
Sr. Alexandre Ferreira,Enzo da Paz,1192214
Sra. Luiza Duarte,Felipe Souza,1139651
Júlia Barros,Paulo das Neves,1180173
Eduardo da Luz,Luiz Gustavo Fernandes,1185717
Dr. Thomas Monteiro,Luiz Fernando das Neves,1169329
Luiza Aragão,João Gabriel Porto,1101025
Yuri Pires,Marina da Rosa,1187538
João Lucas Moraes,Mirella Costela,1172692
Vitor Gabriel da Mota,Clara Azevedo,1139240
Marina Duarte,Rafael Rocha,1186951
Júlia da Costa,Isadora da Mata,1113577
Rafaela Dias,Lucca da Paz,1117601
Srta. Júlia Santos,Mirella Farias,1134664
Juliana Teixeira,Sr. João Miguel da Cruz,1115129
Luana Rezende,Srta. Bruna Sales,1114029
Davi Lucca da Luz,Ana Lívia Silva,1197310
Ana Lívia Gonçalves,Emanuella Viana,1120374
Ana Luiza Moura,Bruno Lima,1135697
Sra. Juliana Moura,Kamilly Nascimento,1136930
Sophie da Luz,Sr. Enzo Fernandes,1179276
Breno Porto,Isabel Teixeira,1127607
Milena Castro,Dr. Yuri Cavalcanti,1194058
Pedro Lucas Moreira,Helena Lima,1144942
Mirella da Costa,Ana Julia da Costa,1126685
Lavínia Souza,Emanuella Nogueira,1190111
Luiz Otávio Vieira,Joana Novaes,1183130
Augusto Pinto,Luiz Henrique Santos,1134600
Antônio Carvalho,Clarice Silveira,1166244
Pedro Miguel Vieira,Bárbara da Mata,1164032
Cauã Viana,Bianca Pires,1132914
Maria Cecília Santos,Sr. Otávio Azevedo,1106658
Sra. Catarina Costa,Davi Luiz Ramos,1112097
Dr. Davi Luiz Fernandes,Helena Ribeiro,1183136
Rafael Cavalcanti,Bianca Fogaça,1155518
Davi Luiz Lima,Sr. Samuel Teixeira,1136265
Leonardo Cardoso,Maysa Fernandes,1105778
Ana Sophia Monteiro,Sophia Alves,1100464
Rebeca Alves,Maria Eduarda Vieira,1143719
Francisco das Neves,Rodrigo Fernandes,1117146
Maria Clara Ribeiro,Breno Rodrigues,1183507
Bernardo Campos,Daniel Teixeira,1134335
Murilo das Neves,Sra. Laís Rodrigues,1121178
Esther Castro,Samuel Mendes,1197154
Sophia Teixeira,Júlia Dias,1157912
Eloah Almeida,Maria Eduarda Fernandes,1172309
Juan Porto,Isabelly Viana,1192493
Vitor Hugo Teixeira,Caio Silveira,1156057
Dr. Leonardo Cardoso,Emanuel Souza,1173519
Benjamin Rocha,Dr. Gabriel Souza,1101267
Sarah Castro,Mariana Barros,1114663
Maria Vitória Cardoso,Emanuel Rodrigues,1109862
Sra. Clara da Paz,João Guilherme Barros,1190573
Daniela Campos,Maria Sophia da Paz,1119536
Heitor da Rosa,Benício Ribeiro,1171511
Pietra Gonçalves,Luiz Miguel Rocha,1104722
Carolina Viana,Thales Souza,1148393
Luiz Fernando Viana,Nicole Correia,1176350
Maitê da Mota,Sabrina Melo,1172420
Ana Júlia Gomes,Pedro Viana,1119410
Dr. Samuel Ramos,Ana Sophia Monteiro,1156333
Isabelly Aragão,Isabella Novaes,1116704
Maria Clara da Conceição,Francisco das Neves,1105482
Joaquim da Conceição,Ryan Monteiro,1140404
Rebeca Freitas,Ana Barros,1147795
Srta. Fernanda Cardoso,Daniel da Cunha,1105229
Milena Azevedo,Pedro Miguel Martins,1146898
Daniel Fogaça,Manuela Fogaça,1127535
Ana Júlia Moura,Dr. João Gabriel da Mota,1189399
Dr. Breno Carvalho,Heitor das Neves,1132706
Pietro Monteiro,Alexia da Mata,1187416
Stella Viana,Emanuel Monteiro,1113473
Olivia Almeida,Pedro Dias,1146357
Luana da Mota,Maria Vitória Cardoso,1173385
Pedro Henrique Costa,Levi Cunha,1153264
Thomas Lopes,Pedro Henrique da Conceição,1181351
Pietra Fernandes,Sr. Anthony da Conceição,1198235
Luiz Henrique Teixeira,Samuel Viana,1120257
Rodrigo Ferreira,Dra. Maria Barbosa,1131029
Matheus da Luz,Gabrielly Sales,1121299
Ana Lívia Jesus,Maria Sophia Cardoso,1123206
Maria Julia Aragão,João Vitor Melo,1154040
Augusto Martins,Isaac da Paz,1103248
Larissa Freitas,Gabriel Novaes,1123509
Letícia Jesus,Luiz Otávio Monteiro,1196542
Pedro Lucas da Rosa,Isis Lima,1143540
Rodrigo Dias,Henrique Santos,1153964
Raquel Gonçalves,Sr. Alexandre Alves,1187806
Augusto Moraes,Eloah Viana,1196345
Diogo Gonçalves,Fernanda Oliveira,1132527
Emanuella Costela,Murilo Nogueira,1134970
Pedro da Costa,Davi Freitas,1120866
Davi Luiz Martins,Sofia da Cruz,1191917
Luana Pires,Pietra Fernandes,1114168
Sra. Elisa da Rocha,Igor Cunha,1150140
Maria Pereira,Dra. Maria Eduarda Nogueira,1105075
Gabriela da Cruz,Luna Oliveira,1161694
Sra. Ana Julia Jesus,Gustavo Campos,1129154
Leandro da Mata,Augusto Martins,1126158
Srta. Gabriela Vieira,Milena Araújo,1160332
Maria Pires,Emanuel Dias,1145830
Levi Farias,Raquel Gonçalves,1140001
Joana Moura,Rafaela Pires,1129831
Gabrielly da Luz,Srta. Alexia Santos,1129219
Raul Cardoso,Srta. Ana Beatriz Nogueira,1103101
Maria Clara Souza,Isadora Caldeira,1186511
Maria Alice Aragão,Luana Pires,1125313
Lorenzo Teixeira,Francisco Lopes,1152227
Sr. Antônio Lopes,Dra. Amanda Cardoso,1143025
André Gomes,Luiz Henrique da Paz,1136517
Sarah Jesus,Enzo Gabriel Rodrigues,1109099
Davi Lucas Cardoso,Igor Souza,1136585
Danilo Cardoso,Sr. Yago Cardoso,1146025
Valentina Dias,Larissa Carvalho,1184080
Maria Vitória Martins,Srta. Ana Laura Nogueira,1166768
Ana Luiza Souza,Helena Correia,1152386
Dra. Lorena Gonçalves,Arthur Ramos,1189065
Lucas Azevedo,Eduarda Fogaça,1170282
Laís Moreira,Davi Luiz Ferreira,1143404
Sra. Melissa Rodrigues,Ana Laura Gomes,1103617
Dr. Diego da Rosa,Nicole da Conceição,1115118
Olivia Peixoto,Isabelly Cavalcanti,1134237
Elisa Nunes,Agatha da Rosa,1123405
Lavínia Moreira,Enzo Viana,1176099
Marcela Costela,Laís Aragão,1134795
João Felipe Araújo,Pietro Cunha,1105014
Maria Eduarda Moraes,Dr. Ian Cunha,1114208
Amanda Silveira,Srta. Milena Sales,1178193
Matheus Caldeira,Davi Luiz Porto,1156959
Benjamin Viana,Natália Ramos,1145309
Sophia Porto,Catarina Costela,1195491
Sr. Luiz Otávio da Mota,Breno Silva,1141114
Srta. Maria Luiza Cardoso,Valentina Mendes,1157199
Raul Souza,Erick Lima,1179457
Maria Sophia Melo,Renan da Rocha,1167033
Pedro Miguel Dias,Valentina Ramos,1115157
Heitor Gomes,Erick Castro,1150488
Evelyn Moura,Maria Fernanda da Cruz,1175574
João Gabriel Vieira,Beatriz Oliveira,1124914
Kaique Nogueira,Fernanda Ferreira,1133386
Ana Carolina Rezende,Dra. Sophie Farias,1105817
Sophie Viana,Milena Nascimento,1192901
Benício Viana,Agatha Nascimento,1157154
Ryan da Costa,Ian Porto,1100221
Ana Luiza Castro,Julia Vieira,1168146
Francisco Correia,Julia da Rocha,1170575
Carlos Eduardo Sales,Antônio Lopes,1190027
Ana Lívia Araújo,Vitor Gabriel Viana,1194297
Sr. Nathan da Conceição,Lorena Ramos,1197248
Sra. Alexia Novaes,Vitor Gabriel Castro,1196605
Ana Sophia Peixoto,Maria Cecília Almeida,1187900
Caroline Campos,Noah Teixeira,1125825
Luiza Cardoso,Maria Clara Cardoso,1147739
Enzo Gomes,Benício das Neves,1156531
Heitor da Conceição,Maria Sophia da Cruz,1109171
Raquel da Costa,Dra. Sophia Dias,1187062
Dr. Davi Lucas da Rosa,Pietro Almeida,1143279
Isabella Caldeira,Clarice Araújo,1181678
Maria Fernanda Martins,Samuel Vieira,1141145
Diego Pinto,Dra. Brenda Moura,1116334
Dr. Yago Martins,Ana Lívia Araújo,1194339
Isabelly Carvalho,Ana Luiza Castro,1139363
Gustavo das Neves,Ana Sophia Peixoto,1166469
Lucas Ferreira,Daniel Nascimento,1140538
Leandro Cunha,Dr. Gustavo da Cruz,1187410
Carlos Eduardo Melo,Cecília da Cruz,1153528
Sra. Ana Beatriz Castro,Sr. Yago Jesus,1142753
Sr. Miguel da Paz,Srta. Lorena Alves,1152743
Nicolas da Conceição,Sr. Vitor Gabriel da Conceição,1191384
Maria Barbosa,Luiz Felipe Porto,1138752
Amanda Lopes,Ana Vitória Dias,1172667
Stephany Souza,Sr. Luiz Otávio Pires,1116683
Bruna da Paz,Sofia Pinto,1125144
Dr. Augusto Moraes,Maria Fernanda Barros,1155108
Maria Luiza das Neves,Srta. Ana Beatriz Ribeiro,1187153
Bruno Carvalho,Luiza Souza,1149695
Dr. Ian Freitas,Davi Lucca Jesus,1188777
Maria Clara Porto,Yago Caldeira,1198059
Alexia Ramos,Laura Alves,1122810
Augusto Ferreira,Isabel da Rosa,1180676
Dr. João Pedro Oliveira,Cauã da Cruz,1174593
Pietra Pinto,Ana Luiza Santos,1139446
Marcela Silveira,Srta. Amanda da Costa,1153225
Arthur Cunha,Lucas Vieira,1171819
Enzo da Rosa,Kevin Alves,1100053
Luiz Gustavo Cardoso,Letícia Ferreira,1139829
Rodrigo Lopes,Ana Laura Novaes,1137606
Rafaela Jesus,Pedro Lucas Silva,1127549
Esther Viana,Fernanda Alves,1156346
Juliana Moreira,Isabel Viana,1176019
Clara Nunes,Sr. Davi Luiz Freitas,1179516
Júlia Correia,Maria Vitória Novaes,1185813
João Pedro Peixoto,João Felipe Rocha,1142237
Mirella Melo,Ana Laura Correia,1160946
Milena Souza,Dra. Ana Vitória Gomes,1157905
Isabel Oliveira,Arthur Teixeira,1157954
Pedro Rocha,Pedro Miguel Costa,1188555
Bianca Pinto,Juan Silva,1128010
Ana Carolina Carvalho,João Lucas Rocha,1167000
Luiz Otávio da Rosa,Samuel Pinto,1162021
Luana Monteiro,Dra. Luiza Melo,1196463
Sophie Peixoto,Cecília Lopes,1122241
Melissa Nunes,João Pedro Almeida,1186356
Dr. Leandro Silva,Igor da Conceição,1111114
Rebeca Novaes,Maria Julia Silveira,1137196
Pedro Henrique Martins,Arthur Porto,1167561
Felipe Pires,Isis Monteiro,1187012
Diego da Conceição,Vitor Hugo Silva,1182960
Alícia Moura,Eduarda Martins,1181167
Dr. Levi Nascimento,Sra. Maria Duarte,1143933
Yago Gomes,Francisco Peixoto,1112240
Luiz Otávio Porto,Marina Castro,1198453
Sra. Lavínia Almeida,Esther Santos,1130784
Luna Rezende,Vitória Rocha,1188184
Natália Souza,Rafaela Jesus,1140687
Agatha Freitas,Ana Luiza da Cruz,1129444
Júlia Martins,Luiz Otávio Pinto,1126100
Kamilly Ramos,Vitória Correia,1119313
Rafael Dias,João Vitor Mendes,1103201
Erick Nascimento,Srta. Eduarda Monteiro,1106057
Ana Beatriz da Mota,Benício Novaes,1132092
Srta. Maria Cecília Caldeira,Vitória Fernandes,1162277
Sra. Ana Vitória Araújo,Luiz Gustavo Gomes,1180120
Davi Lucas da Paz,Davi Luiz Monteiro,1109545
Ana Lívia Cunha,Luigi Cunha,1159692
Olivia Farias,Maria Vitória Campos,1154321
João Lucas Pires,Sofia Cardoso,1182544
Dr. João Miguel Rezende,Ana Beatriz Alves,1175454
João Gabriel Barros,Diego Moura,1125485
Vinicius Gonçalves,Kaique Moura,1194155
Dr. Vinicius Vieira,Thomas Peixoto,1191272
Dra. Alícia Mendes,Julia Cavalcanti,1150328
Manuela Monteiro,Yago Gomes,1164799
Dra. Pietra Viana,Lavínia Fogaça,1152383
Nathan Moreira,Joaquim Vieira,1131979
Vitor Freitas,Gustavo Henrique Carvalho,1119342
Dra. Valentina Rodrigues,Gustavo Henrique Fogaça,1185990
Calebe Duarte,Dra. Emanuelly Barros,1190128
Julia Monteiro,Sr. Murilo Teixeira,1100726
Dra. Maysa Rodrigues,Alice Ribeiro,1198430
Sr. Henrique Rezende,Olivia Farias,1113970
Matheus Nascimento,Sr. Rodrigo Teixeira,1155724
Arthur Lopes,Daniel Jesus,1128683
Stella Aragão,Thomas Moura,1123053
Juan Mendes,João Felipe Carvalho,1191214
Dra. Fernanda Ribeiro,Sarah da Paz,1167889
Vitória Ramos,André Almeida,1160889
Eduardo Ramos,Stella Dias,1106582
Dr. Alexandre Gomes,Júlia Moura,1173060
Maria Sophia da Mata,Caio Azevedo,1132662
Raquel Pires,Carlos Eduardo Ramos,1115906
Enzo Gabriel Porto,Lucas Correia,1159829
Lorena Duarte,Dra. Rebeca Viana,1117477
Pedro Barbosa,Lucca Jesus,1160901
Yasmin Moraes,João Miguel Gomes,1187500
Pedro Henrique da Costa,Lívia da Cunha,1169616
Yuri da Paz,Thales Silveira,1173259
Davi Cardoso,Lucas Barros,1178047
Ana Luiza Barbosa,Dra. Mirella Gomes,1141588
Maria Eduarda Souza,Guilherme Campos,1198992
Heloísa Santos,Davi Luiz Gonçalves,1158008
João Gabriel Fogaça,Lorena Duarte,1180301
Lorenzo Cardoso,Valentina Carvalho,1194276
Sra. Eduarda Fogaça,Kevin da Rosa,1166162
Gustavo Dias,Stephany da Luz,1155933
Leonardo Castro,Gabriela da Luz,1171810
Sra. Pietra Ramos,Marcela Ribeiro,1158446
Henrique Cavalcanti,Davi Cardoso,1120861
Srta. Ana Carolina Costa,Catarina da Conceição,1197472
Alana Silveira,Amanda Ferreira,1162216
Miguel Caldeira,Isabelly Monteiro,1158991
Gabrielly Cardoso,Sr. Carlos Eduardo Oliveira,1133972
Caio Novaes,Davi Oliveira,1198536
Luiza Dias,Thiago Castro,1132406
Vicente Cavalcanti,Carlos Eduardo da Mata,1183579
Vitor Sales,Felipe da Cruz,1136347
Igor Costa,Sr. Fernando Barbosa,1168327
Valentina Farias,Gabrielly Oliveira,1163517
Srta. Luna Silveira,Srta. Agatha da Rosa,1182149
Isadora Rezende,Kamilly Lopes,1131358
Kaique Rodrigues,Bernardo Barbosa,1135992
Pietra Freitas,Sophie Cunha,1157654
Bryan Duarte,Davi Azevedo,1110155
Nicole Pires,Vitória da Cruz,1193525
Isis Duarte,Emanuelly Souza,1137450
Sofia Sales,Luiz Otávio Martins,1130735
Dra. Lorena Fogaça,Clara Pereira,1135614
Felipe da Paz,Joana Peixoto,1144020
Maria Vitória Ribeiro,Dr. Erick Santos,1141904
Anthony Fernandes,Luiza Ferreira,1170798
Sr. Cauã da Paz,Júlia Silva,1110561
Agatha Viana,Leonardo da Cunha,1118136
João Gabriel Duarte,Srta. Esther Aragão,1119769
Francisco Novaes,Sr. Rafael Duarte,1130311
Camila Silveira,Pedro Miguel Sales,1150205
Sr. Luiz Gustavo Duarte,Emanuella da Costa,1190957
Samuel Costela,Srta. Sophie Moraes,1120028
Rafael Moura,Kaique Rodrigues,1192591
Mariana Oliveira,Sr. Rafael Dias,1128043
Maria Fernanda Azevedo,Dra. Ana Laura Gomes,1108418
Dr. João Felipe Freitas,Sofia Sales,1154377
Isaac Oliveira,Pedro Barros,1153424
Clara Aragão,Ana Luiza Rocha,1143369
Beatriz Souza,Eloah Cardoso,1171121
Dr. Thomas da Conceição,Kaique Sales,1161069
Melissa Melo,Sra. Luna Araújo,1154496
Ian Aragão,Bianca Nunes,1108161
Esther Pereira,Agatha Viana,1127110
Maysa Moreira,Emilly Ferreira,1155069
Thales Caldeira,Vitória Moreira,1151049
Srta. Manuela da Rocha,Dr. Pedro Martins,1176556
Ana Sophia da Rosa,Bryan Castro,1191163
Theo Pires,Eloah da Rosa,1102560
Davi Lucca Cavalcanti,Dr. Leonardo Fogaça,1175456
Eduarda Porto,Beatriz Souza,1149857
Dra. Sarah Rodrigues,Dr. Samuel Azevedo,1162518
Kevin Monteiro,Diego da Cruz,1100772
Gabriela Sales,Ian Aragão,1146105
Cecília Mendes,João Santos,1139139
Pedro Miguel da Mota,Enzo Gabriel Pinto,1198759
Alícia Ribeiro,Sra. Stephany Martins,1151116
Thomas Rezende,Sra. Caroline da Mata,1154921
Sarah Viana,Cauã Novaes,1170545
Dr. Juan da Costa,Theo Pires,1197978
Bruna Moreira,Caroline Sales,1196289
Srta. Ana Laura Gonçalves,Bruno Moura,1171582
Raul Vieira,Sr. Davi Duarte,1179069
Dr. Nicolas da Costa,Esther Cunha,1128906
Clara Silva,Srta. Isadora Mendes,1163993
Evelyn Martins,Sofia Peixoto,1128760
Lorenzo Costela,Alice Duarte,1135774
Dra. Maria Vitória Cardoso,Emanuella Costa,1157125
Calebe Pinto,Ana Lívia Teixeira,1163654
Nicolas Farias,Sra. Kamilly Melo,1103804
Marina Barros,Enrico Fernandes,1150968
Gabriel Vieira,Dr. Noah Porto,1144057
Laís Martins,Cauê Caldeira,1187670
Isabella Gonçalves,Dr. Renan Silva,1189016
André Barros,João Vitor Vieira,1152994
Srta. Gabrielly Pereira,Bryan Silva,1194919
Srta. Lavínia da Mota,André Barbosa,1121632
Rebeca Duarte,Sr. Ian Lopes,1161261
Gabriel Nascimento,Eduarda Cardoso,1116728
Gustavo Barbosa,Sr. Augusto Castro,1181560
Dr. Pietro Novaes,Carolina Moura,1170008
Giovanna Aragão,Luigi Teixeira,1103534
João Guilherme Vieira,Bruno Sales,1151645
Ana Laura Barros,Joana Lima,1177580
Vicente Pires,Felipe Cardoso,1173975
Dr. Bruno Pereira,João Lucas Rezende,1186900
João Miguel da Mata,Nicole Rocha,1103552
Maria Clara Dias,Sr. João Pedro Peixoto,1111003
Sofia da Luz,Nina Pereira,1184246
Isaac da Cunha,Evelyn Sales,1156179
Cecília Peixoto,Ryan Alves,1117786
Calebe Castro,Augusto Gonçalves,1160515
Brenda Porto,Isaac Rodrigues,1123819
Bruno Dias,Nicole Dias,1106590
Dr. Davi Lucas Oliveira,Juliana Santos,1134099
Kevin da Mata,Davi Luiz da Rosa,1149689
Dr. Lorenzo Viana,João Guilherme Martins,1142906
Lucca Nunes,Luiz Gustavo Moura,1127742
Evelyn Mendes,Ana Carolina Nogueira,1159598
Sr. Lucas Gabriel Costa,Matheus Barros,1142840
Evelyn Lima,João Miguel Nogueira,1144236
Bryan Freitas,Evelyn Mendes,1199775
Sra. Olivia Costa,Pietro Teixeira,1149692
Gabriela das Neves,Mariana Caldeira,1136471
Srta. Ana Clara Peixoto,Gabriela Gonçalves,1198567
Maria Vitória Santos,Bryan Freitas,1155255
Emanuelly Fogaça,Theo Caldeira,1133065
Calebe da Conceição,Pedro da Conceição,1110735
Maysa Araújo,Sabrina da Mota,1161644
Sra. Laís Jesus,Caio das Neves,1102540
Noah Cardoso,Luiz Henrique Silva,1198176
Gabriela Araújo,Olivia Martins,1170702
Isis Rezende,Laura Porto,1106826
Ana Julia Costela,Gabriela Melo,1145870
Vitor Gonçalves,Benjamin Novaes,1129389
Ana Clara Ribeiro,Maria Clara Rocha,1185215
João Castro,Dr. Benjamin das Neves,1108993
Calebe Costela,Sra. Maysa Moraes,1185426
Pedro Henrique Souza,Ana Julia Costela,1105276
Dra. Ana Júlia Santos,Vitor Gabriel Porto,1198858
Amanda das Neves,Sabrina Nogueira,1104067
Maria Eduarda Silva,Eduardo Nunes,1132411
Alana Correia,Enzo Gabriel Teixeira,1126130
Noah Martins,Brenda Azevedo,1102671
Augusto Almeida,Davi Fernandes,1181439
Diogo da Rosa,Isabel Nogueira,1119973
Emanuella Barbosa,Paulo Gomes,1131266
Vicente Peixoto,Enzo Gabriel Oliveira,1116544
Lívia Souza,Gustavo Ramos,1162070
Francisco Barros,João Gabriel da Rosa,1187747
Maria Luiza da Costa,Luiz Miguel Moreira,1114993
Emanuel Campos,Luiz Felipe Pereira,1173920
Lorenzo Castro,Renan Moura,1128569
Sr. Vinicius Teixeira,Sr. Isaac Almeida,1160952
Pedro Lucas Gomes,Guilherme Costela,1191680
Cauê Viana,Ana Vitória Silveira,1133586
Dr. Vitor Gabriel Cunha,Augusto Almeida,1148351
Emanuelly da Rosa,Dra. Luiza da Mota,1121992
Bernardo da Cunha,Emanuel Caldeira,1179415
Luiz Henrique Moreira,Davi da Conceição,1179593
Laura Freitas,Eloah da Mota,1198032
Dra. Maria Julia Ribeiro,Pietro Nogueira,1194156
Kamilly Caldeira,Sra. Vitória Rocha,1115012
Enzo Gabriel Correia,Srta. Maria Clara Carvalho,1121465
Ana Vitória Ramos,Isabella Monteiro,1140768
Manuela das Neves,Lorenzo Castro,1175849
Maria Luiza Peixoto,Bernardo Ferreira,1103365
Vinicius Teixeira,Caio Melo,1140888
Ian Fernandes,João Lucas Novaes,1175470
Heitor da Cunha,Caroline Santos,1188781
Eduarda Nunes,Lorenzo Melo,1149192
Laís Duarte,Danilo Freitas,1151990
Calebe Monteiro,Gabriel Ribeiro,1193718
Lucas Gabriel Viana,Gustavo Henrique Viana,1125995
Maria Clara Mendes,Thales Moraes,1109961
Nicolas Pereira,Dr. Davi Lucas da Luz,1177607
Gustavo Henrique Pires,Gustavo Aragão,1190520
Luna Barros,Davi Luiz Novaes,1182213
Heloísa da Mata,Dr. Vitor Hugo Pinto,1131830
Ana Luiza Pires,Luiz Otávio Moraes,1113356
Mariana Santos,Yago Alves,1191382
Dra. Bárbara Pires,Ana Julia Dias,1139529
Vicente Mendes,Helena da Luz,1189687
Lorena Campos,Alice Moraes,1178697
Larissa Castro,Ana Vitória Ribeiro,1115866
Leandro Santos,Lorena Sales,1174177
Manuela Porto,Pedro Miguel Cardoso,1105383
Heitor Costa,Srta. Joana Pires,1145508
João Felipe das Neves,Ana Carolina Caldeira,1169827
Sra. Pietra Nunes,Sr. Enrico Melo,1156148
Joana Dias,Srta. Gabriela Porto,1186706
Nathan Pinto,Emanuella Lopes,1148571
Lívia Barbosa,Igor Monteiro,1109038
Davi Lucas Rocha,Augusto Ribeiro,1166317
Paulo Nunes,Ana Lívia da Costa,1184874
Gabriel da Costa,Davi Luiz Pinto,1144725
Sr. Felipe Moura,Francisco da Costa,1101658
Dra. Marina Cavalcanti,Maria Cecília da Rosa,1155057
Vinicius Aragão,Sra. Luiza da Cunha,1164251
Ana Júlia Viana,Vitor Gabriel Mendes,1113833
Helena Viana,Sra. Sarah Cunha,1156822
João Miguel Peixoto,Guilherme Freitas,1147472
Nicole Nascimento,Miguel Castro,1183307
Isabelly Barbosa,Paulo Pinto,1160258
Bryan Almeida,Mirella Moreira,1192708
Clarice das Neves,Joana Dias,1120052
Marina Jesus,Juliana Ferreira,1157080
Vitor Peixoto,Luiz Otávio Novaes,1123086
Sr. Benjamin Fernandes,Laís Silva,1196180
Giovanna Rocha,Brenda Barros,1168386
Maria Alice Nascimento,Raul Monteiro,1185256
Davi Correia,Vicente Ferreira,1135400
Emanuella Farias,Maria Sophia Campos,1180728
Maria Julia Dias,Alice Freitas,1170539
Daniel Viana,Luana da Conceição,1163372
André Jesus,Isabelly Freitas,1160931
Sra. Maria Sophia Rodrigues,Dr. Leandro Peixoto,1157091
Rodrigo Farias,Fernanda Cardoso,1195817
Maria Cavalcanti,Fernanda Silveira,1177656
Vinicius Lopes,Sofia Teixeira,1135179
Emanuel Melo,João Vitor Lima,1142245
Cauã Silveira,Dr. Kevin Correia,1132177
Sr. Carlos Eduardo Ferreira,Ana Beatriz Cavalcanti,1111359
Sra. Elisa das Neves,Isabel Novaes,1136559
Davi Lucca Martins,Milena das Neves,1159087
Clarice Campos,Thomas Pinto,1131963
Dr. Caio Cunha,Maria Fernanda da Conceição,1198366
Ana Julia da Cruz,Yuri Novaes,1160910
Letícia Pinto,Maria Cunha,1174691
Lívia Moura,João Guilherme da Paz,1179997
Thomas Ramos,Alana Moreira,1187580
Davi Luiz Nascimento,Sr. Alexandre Porto,1149674
Stella Gomes,Emilly da Rosa,1144092
Caio Barros,Ana Luiza da Luz,1103761
Mariana da Paz,Joaquim Peixoto,1164789
Maria Eduarda Melo,Pedro Miguel Teixeira,1142600
Marcos Vinicius Oliveira,Dr. Luiz Gustavo Barros,1123834
Dr. Thiago Martins,Sabrina Peixoto,1163904
Agatha Ferreira,Fernando Lima,1127802
Brenda Cardoso,Melissa Nogueira,1146507
Joana Cardoso,Brenda Martins,1133862
Dra. Maria Cecília das Neves,Enzo Gabriel Costela,1144608
Kamilly da Mota,Lorenzo da Mota,1136655
Ana Beatriz Cardoso,Francisco Jesus,1178139
Daniel Rocha,Benício Gonçalves,1191905
Felipe Ramos,Maria Vitória Cunha,1136211
Sra. Ana Julia Correia,Dra. Brenda Moreira,1172848
Alice da Paz,Dr. Luigi Vieira,1101330
Benjamin Vieira,Sra. Juliana Silveira,1167715
Luiza Carvalho,Clarice Cavalcanti,1125042
Guilherme Vieira,Dra. Maysa Melo,1111221
Joana Viana,Miguel Jesus,1131635
Lucca Cardoso,Pietro da Mota,1194381
Esther Aragão,Bernardo Souza,1153271
Daniel Azevedo,Danilo Castro,1164038
Ana Clara Barbosa,Isabel Castro,1172768
Ana Júlia Correia,Benício Nunes,1199374
Alícia Moreira,Yasmin Silveira,1131499
Davi Lucca da Mata,Samuel Souza,1190519
Yuri Ribeiro,Lara Cavalcanti,1162402
Samuel Jesus,Davi Lucas Mendes,1184659
Emanuelly Barbosa,Alice da Paz,1193302
Vitor Hugo Fernandes,Marcos Vinicius da Luz,1164332
Breno Barros,Ana Clara Barbosa,1158743
Luiz Otávio Alves,Srta. Maria Alice Nogueira,1102260
Davi Teixeira,Alícia Moreira,1112196
Raul Rodrigues,Isadora da Mota,1138566
Luiz Miguel Nascimento,Davi Lucca da Mata,1129045
Marcos Vinicius da Cruz,Luiza Lopes,1153005
Igor Gomes,Dr. Vitor da Paz,1190673
Juan Cunha,Paulo Nascimento,1131890
Sarah Melo,Thales Almeida,1140135
Natália Lima,Maysa Teixeira,1187026
Nina Santos,João Campos,1176225
Dr. Calebe Alves,João Guilherme Azevedo,1148368
Ana Lívia da Cunha,Nicole Mendes,1162031
Lívia da Paz,Dr. Enzo Gabriel da Mota,1172544
Lorenzo Araújo,Raul Rodrigues,1169588
Stella Santos,Dr. Gustavo da Rosa,1145056
Valentina Martins,Ian Monteiro,1155771
Enzo Gabriel Novaes,Davi Almeida,1197771
Mirella Nunes,Eduardo Cunha,1172140
Eduarda Vieira,Vitor Gabriel Oliveira,1143357
Theo Ramos,Davi Silva,1146112
Dr. Erick Caldeira,Nicolas Ramos,1192124
Sr. Luiz Fernando da Luz,Mariana Azevedo,1159473
Luiz Fernando Gonçalves,Dr. Guilherme Porto,1135509
Thiago Ribeiro,Ana Vitória Novaes,1140189
Dr. Rafael Moura,Vicente Azevedo,1132951
Juan Rodrigues,Dra. Melissa Freitas,1130217
Dr. Diogo das Neves,Natália da Rocha,1115814
Cecília Melo,Alexia Melo,1194540
Bruno Martins,Mariana da Costa,1125242
Erick da Luz,Dr. Lucas Teixeira,1141359
Dr. Thiago Barros,Caio Farias,1115670
Maria Alice Rodrigues,Maysa das Neves,1197370
Gustavo Moraes,Maria Cecília Costela,1170236
Benjamin Souza,Juliana Carvalho,1199901
Vinicius Carvalho,Vinicius da Mota,1190461
João Pedro da Mota,Davi Lucca Fernandes,1124267
Heitor Barbosa,Felipe Campos,1125105
João Lucas Pinto,Levi Gonçalves,1128361
Isaac Castro,Dr. Thales Araújo,1196810
Alana Aragão,Catarina da Paz,1163464
João Lucas da Cruz,Srta. Mariana da Cunha,1136241
Emanuelly Campos,Daniela Carvalho,1194972
Dr. Leandro da Mata,Júlia Aragão,1177278
Rafaela Fogaça,Bianca Melo,1199641
Cauê Nascimento,Dr. João Pedro Fogaça,1168765
Ana Vitória Rezende,Diogo Oliveira,1178222
Lara Rezende,Sr. Marcos Vinicius Ramos,1137093
João da Mata,Evelyn Ferreira,1113176
Ana Júlia Peixoto,Sofia da Costa,1125443
Dra. Joana Sales,João Miguel Barbosa,1138829
Dr. Renan Ferreira,Beatriz Jesus,1129816
Kaique da Luz,Marcos Vinicius Peixoto,1147301
Eloah Cunha,Srta. Mirella Jesus,1123519
Lucas Gabriel da Mata,Rodrigo Cardoso,1139618
Sr. Vitor Nunes,Gustavo Ferreira,1101854
Maria Fernanda Jesus,Yuri Silveira,1192801
Lorena Ferreira,Yuri Sales,1116591
Sophia Cardoso,Clarice da Mata,1135954
Sofia Moura,Daniela Almeida,1105965
Alice da Luz,Ana Vitória Duarte,1107146
Carolina Cunha,Vinicius Novaes,1172529
Yago Vieira,Stephany Porto,1138290
Isaac Jesus,Alice da Luz,1191411
Isaac da Conceição,Alícia Carvalho,1116551
Laís Farias,Srta. Ana Carolina Farias,1183606
Luiza Araújo,Marcos Vinicius Sales,1198669
Maysa da Cunha,Lorena Rocha,1164340
Luana Ribeiro,Cauê Mendes,1113446
Noah Lima,Fernanda da Cruz,1101607
Maria Eduarda Cavalcanti,Alana Costa,1175243
Davi Silveira,Kamilly da Costa,1137268
Murilo Teixeira,Maria Eduarda Pinto,1161524
Sr. João Miguel Farias,Milena Alves,1162746
Sofia Silveira,Eduarda Farias,1157733
Cauê Campos,Rodrigo Martins,1144657
Marcelo da Paz,Manuela Costa,1124164
Lorena Caldeira,Dra. Isabelly Porto,1106734
Alana Gonçalves,Dra. Manuela Porto,1133092
Laís Alves,Sr. Pedro Lucas Barbosa,1162616
